קוד_תור,מזהה_מטופל,שם,תאריך,שעה,משך_תור,רופא,מרפאה,סוג,מצב,מיקום,טלפון
V001,M501,אלי כהן,2024-04-10,08:00,30,ד"ר רונית שמש,פנימית,בדיקה שנתית,מאושר,חדר 10,050-1234567
V002,M502,שרה לוי,2024-04-10,08:30,45,ד"ר יוסי ברק,נוירולוגיה,חדש,מתוכנן,חדר 22,050-2345678
V003,M503,דני גולד,2024-04-10,09:00,20,ד"ר רונית שמש,פנימית,מעקב,מאושר,חדר 10,050-3456789
V004,M504,מיכל אדלר,2024-04-10,09:30,30,ד"ר טל אורן,אף אוזן גרון,ייעוץ,הושלם,חדר 30,050-4567890
V005,M505,עומר חזן,2024-04-10,10:00,60,ד"ר אורי כץ,גסטרו,בדיקה פולשנית,מאושר,אנדוסקופיה,050-5678901
V006,M506,נגה פרץ,2024-04-10,10:30,30,ד"ר יוסי ברק,נוירולוגיה,מעקב,לא הופיע,חדר 22,050-6789012
V007,M507,גיא רוזנברג,2024-04-10,13:00,30,ד"ר טל אורן,אף אוזן גרון,מעקב,בוטל,חדר 30,050-7890123
V008,M508,ליאת דביר,2024-04-10,14:00,45,ד"ר אורי כץ,גסטרו,התייעצות,מאושר,חדר 15,050-8901234

